-- phpMyAdmin SQL Dump
-- version 5.2.0
-- https://www.phpmyadmin.net/
--
-- Host: localhost
-- Generation Time: Nov 14, 2022 at 05:33 PM
-- Server version: 10.4.24-MariaDB
-- PHP Version: 8.1.6

SET SQL_MODE = "NO_AUTO_VALUE_ON_ZERO";
START TRANSACTION;
SET time_zone = "+00:00";


/*!40101 SET @OLD_CHARACTER_SET_CLIENT=@@CHARACTER_SET_CLIENT */;
/*!40101 SET @OLD_CHARACTER_SET_RESULTS=@@CHARACTER_SET_RESULTS */;
/*!40101 SET @OLD_COLLATION_CONNECTION=@@COLLATION_CONNECTION */;
/*!40101 SET NAMES utf8mb4 */;

--
-- Database: `positionappDB`
--

-- --------------------------------------------------------

--
-- Table structure for table `goals`
--

CREATE TABLE `goals` (
  `id` int(4) NOT NULL,
  `start_positions_id` int(4) DEFAULT NULL,
  `goal_positions_id` int(4) DEFAULT NULL,
  `goalIndex` int(255) DEFAULT NULL,
  `users_id` int(4) DEFAULT NULL,
  `groups_groupcode` varchar(10) DEFAULT NULL,
  `goalcookie` varchar(15) NOT NULL
) ENGINE=InnoDB DEFAULT CHARSET=utf8mb4;

--
-- Dumping data for table `goals`
--

INSERT INTO `goals` (`id`, `start_positions_id`, `goal_positions_id`, `goalIndex`, `users_id`, `groups_groupcode`, `goalcookie`) VALUES
(1815, 94841, 94842, 2, 5423, '08A', 'fg7wPUW3gYF0v4P'),
(1816, 94943, 94944, 3, 5626, '08A', 'fg7wPUW3gYF0v4P'),
(1817, 95045, 95046, 1, 5422, '08A', 'fg7wPUW3gYF0v4P'),
(1818, 95147, 95148, 0, 5421, '08A', 'fg7wPUW3gYF0v4P');

-- --------------------------------------------------------

--
-- Table structure for table `groups`
--

CREATE TABLE `groups` (
  `id` int(4) NOT NULL,
  `groupcode` varchar(10) DEFAULT NULL
) ENGINE=InnoDB DEFAULT CHARSET=utf8mb4;

--
-- Dumping data for table `groups`
--

INSERT INTO `groups` (`id`, `groupcode`) VALUES
(42, '08A'),
(47, 'RQB');

-- --------------------------------------------------------

--
-- Table structure for table `messages`
--

CREATE TABLE `messages` (
  `id` int(4) NOT NULL,
  `message` varchar(255) DEFAULT NULL,
  `initials` varchar(2) DEFAULT NULL,
  `color` varchar(7) DEFAULT NULL,
  `groups_groupcode` varchar(10) DEFAULT NULL
) ENGINE=InnoDB DEFAULT CHARSET=utf8mb4;

-- --------------------------------------------------------

--
-- Table structure for table `positions`
--

CREATE TABLE `positions` (
  `id` int(4) NOT NULL,
  `lat` decimal(65,6) DEFAULT NULL,
  `lng` decimal(65,6) DEFAULT NULL
) ENGINE=InnoDB DEFAULT CHARSET=utf8mb4;

--
-- Dumping data for table `positions`
--

INSERT INTO `positions` (`id`, `lat`, `lng`) VALUES
(1, '63.110000', '21.630000'),
(2, '63.115000', '21.635000'),
(3, '63.117500', '21.634240'),
(94841, '63.107495', '21.670532'),
(94842, '63.178841', '21.689758'),
(94843, '63.107495', '21.670532'),
(94844, '63.108267', '21.670392'),
(94845, '63.109038', '21.670252'),
(94846, '63.109810', '21.670112'),
(94847, '63.110581', '21.669971'),
(94848, '63.111353', '21.669831'),
(94849, '63.112124', '21.669691'),
(94850, '63.112896', '21.669551'),
(94851, '63.113667', '21.669411'),
(94852, '63.114439', '21.669270'),
(94853, '63.115210', '21.669130'),
(94854, '63.115982', '21.668990'),
(94855, '63.116753', '21.668850'),
(94856, '63.117524', '21.668709'),
(94857, '63.118296', '21.668569'),
(94858, '63.119067', '21.668429'),
(94859, '63.119838', '21.668289'),
(94860, '63.120609', '21.668149'),
(94861, '63.121381', '21.668008'),
(94862, '63.122152', '21.667868'),
(94863, '63.122923', '21.667728'),
(94864, '63.123694', '21.667588'),
(94865, '63.124465', '21.667448'),
(94866, '63.125237', '21.667307'),
(94867, '63.126008', '21.667167'),
(94868, '63.126779', '21.667027'),
(94869, '63.127550', '21.666887'),
(94870, '63.128321', '21.666747'),
(94871, '63.129092', '21.666606'),
(94872, '63.129863', '21.666466'),
(94873, '63.130585', '21.665940'),
(94874, '63.131277', '21.665175'),
(94875, '63.131969', '21.664410'),
(94876, '63.132661', '21.663644'),
(94877, '63.133353', '21.662879'),
(94878, '63.134045', '21.662113'),
(94879, '63.134737', '21.661348'),
(94880, '63.135428', '21.660582'),
(94881, '63.136120', '21.659817'),
(94882, '63.136812', '21.659051'),
(94883, '63.137504', '21.658286'),
(94884, '63.138195', '21.657520'),
(94885, '63.138887', '21.656755'),
(94886, '63.139579', '21.655989'),
(94887, '63.140271', '21.655224'),
(94888, '63.140962', '21.654458'),
(94889, '63.141687', '21.654191'),
(94890, '63.142449', '21.654484'),
(94891, '63.143211', '21.654777'),
(94892, '63.143972', '21.655070'),
(94893, '63.144734', '21.655364'),
(94894, '63.145496', '21.655657'),
(94895, '63.146258', '21.655950'),
(94896, '63.147019', '21.656243'),
(94897, '63.147781', '21.656537'),
(94898, '63.148541', '21.656847'),
(94899, '63.149286', '21.657302'),
(94900, '63.150032', '21.657757'),
(94901, '63.150777', '21.658213'),
(94902, '63.151522', '21.658668'),
(94903, '63.152267', '21.659123'),
(94904, '63.153012', '21.659578'),
(94905, '63.153758', '21.660033'),
(94906, '63.154503', '21.660488'),
(94907, '63.155248', '21.660944'),
(94908, '63.155993', '21.661399'),
(94909, '63.156738', '21.661854'),
(94910, '63.157483', '21.662307'),
(94911, '63.158236', '21.662699'),
(94912, '63.158988', '21.663091'),
(94913, '63.159740', '21.663483'),
(94914, '63.160492', '21.663875'),
(94915, '63.161245', '21.664267'),
(94916, '63.161997', '21.664659'),
(94917, '63.162749', '21.665051'),
(94918, '63.163501', '21.665443'),
(94919, '63.164253', '21.665835'),
(94920, '63.165006', '21.666227'),
(94921, '63.165758', '21.666619'),
(94922, '63.166510', '21.667011'),
(94923, '63.167262', '21.667403'),
(94924, '63.168010', '21.667814'),
(94925, '63.168580', '21.668969'),
(94926, '63.169150', '21.670124'),
(94927, '63.169720', '21.671279'),
(94928, '63.170290', '21.672434'),
(94929, '63.170860', '21.673589'),
(94930, '63.171431', '21.674744'),
(94931, '63.172001', '21.675899'),
(94932, '63.172571', '21.677054'),
(94933, '63.173141', '21.678209'),
(94934, '63.173711', '21.679364'),
(94935, '63.174281', '21.680519'),
(94936, '63.174851', '21.681674'),
(94937, '63.175421', '21.682829'),
(94938, '63.175991', '21.683983'),
(94939, '63.176561', '21.685138'),
(94940, '63.177131', '21.686293'),
(94941, '63.177701', '21.687448'),
(94942, '63.178271', '21.688603'),
(94943, '63.107495', '21.706238'),
(94944, '63.179048', '21.729126'),
(94945, '63.107495', '21.706238'),
(94946, '63.108197', '21.706566'),
(94947, '63.108898', '21.706893'),
(94948, '63.109599', '21.707221'),
(94949, '63.110301', '21.707549'),
(94950, '63.111002', '21.707877'),
(94951, '63.111703', '21.708205'),
(94952, '63.112405', '21.708533'),
(94953, '63.113106', '21.708861'),
(94954, '63.113807', '21.709188'),
(94955, '63.114509', '21.709516'),
(94956, '63.115210', '21.709844'),
(94957, '63.115911', '21.710172'),
(94958, '63.116612', '21.710500'),
(94959, '63.117314', '21.710828'),
(94960, '63.118015', '21.711155'),
(94961, '63.118716', '21.711483'),
(94962, '63.119417', '21.711811'),
(94963, '63.120118', '21.712139'),
(94964, '63.120819', '21.712467'),
(94965, '63.121521', '21.712795'),
(94966, '63.122222', '21.713122'),
(94967, '63.122923', '21.713450'),
(94968, '63.123624', '21.713778'),
(94969, '63.124325', '21.714106'),
(94970, '63.125026', '21.714434'),
(94971, '63.125727', '21.714762'),
(94972, '63.126428', '21.715090'),
(94973, '63.127129', '21.715417'),
(94974, '63.127830', '21.715745'),
(94975, '63.128551', '21.715536'),
(94976, '63.129280', '21.715026'),
(94977, '63.130008', '21.714516'),
(94978, '63.130736', '21.714005'),
(94979, '63.131464', '21.713495'),
(94980, '63.132192', '21.712985'),
(94981, '63.132920', '21.712474'),
(94982, '63.133648', '21.711964'),
(94983, '63.134376', '21.711454'),
(94984, '63.135104', '21.710943'),
(94985, '63.135832', '21.710433'),
(94986, '63.136560', '21.709923'),
(94987, '63.137288', '21.709412'),
(94988, '63.138016', '21.708902'),
(94989, '63.138744', '21.708392'),
(94990, '63.139471', '21.707882'),
(94991, '63.140221', '21.707703'),
(94992, '63.140996', '21.707898'),
(94993, '63.141771', '21.708094'),
(94994, '63.142545', '21.708290'),
(94995, '63.143320', '21.708485'),
(94996, '63.144094', '21.708681'),
(94997, '63.144869', '21.708876'),
(94998, '63.145643', '21.709072'),
(94999, '63.146418', '21.709267'),
(95000, '63.147191', '21.709474'),
(95001, '63.147955', '21.709777'),
(95002, '63.148718', '21.710081'),
(95003, '63.149482', '21.710384'),
(95004, '63.150245', '21.710688'),
(95005, '63.151009', '21.710991'),
(95006, '63.151772', '21.711295'),
(95007, '63.152535', '21.711598'),
(95008, '63.153299', '21.711902'),
(95009, '63.154062', '21.712205'),
(95010, '63.154825', '21.712508'),
(95011, '63.155589', '21.712812'),
(95012, '63.156352', '21.713114'),
(95013, '63.157120', '21.713375'),
(95014, '63.157889', '21.713637'),
(95015, '63.158657', '21.713898'),
(95016, '63.159425', '21.714159'),
(95017, '63.160193', '21.714421'),
(95018, '63.160961', '21.714682'),
(95019, '63.161729', '21.714943'),
(95020, '63.162497', '21.715205'),
(95021, '63.163265', '21.715466'),
(95022, '63.164033', '21.715727'),
(95023, '63.164797', '21.716083'),
(95024, '63.165561', '21.716442'),
(95025, '63.166326', '21.716800'),
(95026, '63.167087', '21.717171'),
(95027, '63.167730', '21.718038'),
(95028, '63.168373', '21.718905'),
(95029, '63.169016', '21.719772'),
(95030, '63.169659', '21.720639'),
(95031, '63.170302', '21.721506'),
(95032, '63.170934', '21.722192'),
(95033, '63.171559', '21.722726'),
(95034, '63.172183', '21.723259'),
(95035, '63.172807', '21.723792'),
(95036, '63.173431', '21.724326'),
(95037, '63.174055', '21.724859'),
(95038, '63.174679', '21.725392'),
(95039, '63.175303', '21.725926'),
(95040, '63.175928', '21.726459'),
(95041, '63.176552', '21.726993'),
(95042, '63.177176', '21.727526'),
(95043, '63.177800', '21.728059'),
(95044, '63.178424', '21.728593'),
(95045, '63.107495', '21.741943'),
(95046, '63.179254', '21.768494'),
(95047, '63.107495', '21.741943'),
(95048, '63.108126', '21.742739'),
(95049, '63.108758', '21.743535'),
(95050, '63.109389', '21.744331'),
(95051, '63.110020', '21.745127'),
(95052, '63.110651', '21.745923'),
(95053, '63.111283', '21.746719'),
(95054, '63.111914', '21.747515'),
(95055, '63.112545', '21.748311'),
(95056, '63.113176', '21.749106'),
(95057, '63.113807', '21.749902'),
(95058, '63.114438', '21.750698'),
(95059, '63.115070', '21.751494'),
(95060, '63.115701', '21.752290'),
(95061, '63.116332', '21.753086'),
(95062, '63.116963', '21.753882'),
(95063, '63.117594', '21.754678'),
(95064, '63.118225', '21.755474'),
(95065, '63.118856', '21.756269'),
(95066, '63.119487', '21.757065'),
(95067, '63.120118', '21.757861'),
(95068, '63.120749', '21.758657'),
(95069, '63.121380', '21.759453'),
(95070, '63.122011', '21.760249'),
(95071, '63.122642', '21.761045'),
(95072, '63.123273', '21.761841'),
(95073, '63.123904', '21.762637'),
(95074, '63.124535', '21.763433'),
(95075, '63.125166', '21.764228'),
(95076, '63.125797', '21.765024'),
(95077, '63.126517', '21.765132'),
(95078, '63.127282', '21.764877'),
(95079, '63.128046', '21.764622'),
(95080, '63.128810', '21.764367'),
(95081, '63.129575', '21.764111'),
(95082, '63.130339', '21.763856'),
(95083, '63.131103', '21.763601'),
(95084, '63.131867', '21.763346'),
(95085, '63.132632', '21.763091'),
(95086, '63.133396', '21.762836'),
(95087, '63.134160', '21.762580'),
(95088, '63.134924', '21.762325'),
(95089, '63.135688', '21.762070'),
(95090, '63.136452', '21.761815'),
(95091, '63.137216', '21.761560'),
(95092, '63.137981', '21.761305'),
(95093, '63.138756', '21.761215'),
(95094, '63.139543', '21.761313'),
(95095, '63.140330', '21.761411'),
(95096, '63.141118', '21.761509'),
(95097, '63.141905', '21.761606'),
(95098, '63.142693', '21.761704'),
(95099, '63.143480', '21.761802'),
(95100, '63.144267', '21.761900'),
(95101, '63.145054', '21.761997'),
(95102, '63.145841', '21.762101'),
(95103, '63.146623', '21.762253'),
(95104, '63.147405', '21.762404'),
(95105, '63.148186', '21.762556'),
(95106, '63.148968', '21.762708'),
(95107, '63.149750', '21.762859'),
(95108, '63.150532', '21.763011'),
(95109, '63.151313', '21.763163'),
(95110, '63.152095', '21.763315'),
(95111, '63.152876', '21.763466'),
(95112, '63.153658', '21.763618'),
(95113, '63.154440', '21.763770'),
(95114, '63.155221', '21.763921'),
(95115, '63.156005', '21.764051'),
(95116, '63.156789', '21.764182'),
(95117, '63.157573', '21.764313'),
(95118, '63.158357', '21.764444'),
(95119, '63.159141', '21.764574'),
(95120, '63.159925', '21.764705'),
(95121, '63.160708', '21.764836'),
(95122, '63.161492', '21.764966'),
(95123, '63.162276', '21.765097'),
(95124, '63.163060', '21.765228'),
(95125, '63.163836', '21.765548'),
(95126, '63.164613', '21.765872'),
(95127, '63.165389', '21.766197'),
(95128, '63.166164', '21.766528'),
(95129, '63.166880', '21.767107'),
(95130, '63.167596', '21.767686'),
(95131, '63.168312', '21.768265'),
(95132, '63.169027', '21.768845'),
(95133, '63.169743', '21.769424'),
(95134, '63.170438', '21.769641'),
(95135, '63.171117', '21.769553'),
(95136, '63.171795', '21.769464'),
(95137, '63.172473', '21.769376'),
(95138, '63.173151', '21.769288'),
(95139, '63.173829', '21.769200'),
(95140, '63.174508', '21.769111'),
(95141, '63.175186', '21.769023'),
(95142, '63.175864', '21.768935'),
(95143, '63.176542', '21.768847'),
(95144, '63.177220', '21.768758'),
(95145, '63.177898', '21.768670'),
(95146, '63.178576', '21.768582'),
(95147, '63.107495', '21.777649'),
(95148, '63.179461', '21.807861'),
(95149, '63.107495', '21.777649'),
(95150, '63.108056', '21.778913'),
(95151, '63.108617', '21.780177'),
(95152, '63.109178', '21.781441'),
(95153, '63.109740', '21.782705'),
(95154, '63.110301', '21.783969'),
(95155, '63.110862', '21.785233'),
(95156, '63.111423', '21.786497'),
(95157, '63.111984', '21.787761'),
(95158, '63.112545', '21.789024'),
(95159, '63.113106', '21.790288'),
(95160, '63.113667', '21.791552'),
(95161, '63.114228', '21.792816'),
(95162, '63.114789', '21.794080'),
(95163, '63.115350', '21.795344'),
(95164, '63.115911', '21.796608'),
(95165, '63.116472', '21.797872'),
(95166, '63.117033', '21.799136'),
(95167, '63.117594', '21.800400'),
(95168, '63.118154', '21.801664'),
(95169, '63.118715', '21.802928'),
(95170, '63.119276', '21.804192'),
(95171, '63.119837', '21.805456'),
(95172, '63.120398', '21.806720'),
(95173, '63.120959', '21.807984'),
(95174, '63.121520', '21.809248'),
(95175, '63.122081', '21.810512'),
(95176, '63.122641', '21.811776'),
(95177, '63.123202', '21.813039'),
(95178, '63.123763', '21.814303'),
(95179, '63.124483', '21.814728'),
(95180, '63.125284', '21.814728'),
(95181, '63.126084', '21.814728'),
(95182, '63.126885', '21.814728'),
(95183, '63.127685', '21.814728'),
(95184, '63.128486', '21.814728'),
(95185, '63.129286', '21.814728'),
(95186, '63.130087', '21.814728'),
(95187, '63.130887', '21.814728'),
(95188, '63.131688', '21.814728'),
(95189, '63.132488', '21.814728'),
(95190, '63.133288', '21.814728'),
(95191, '63.134089', '21.814728'),
(95192, '63.134889', '21.814728'),
(95193, '63.135689', '21.814728'),
(95194, '63.136490', '21.814728'),
(95195, '63.137290', '21.814728'),
(95196, '63.138090', '21.814728'),
(95197, '63.138890', '21.814728'),
(95198, '63.139690', '21.814728'),
(95199, '63.140491', '21.814728'),
(95200, '63.141291', '21.814728'),
(95201, '63.142091', '21.814728'),
(95202, '63.142891', '21.814728'),
(95203, '63.143691', '21.814728'),
(95204, '63.144491', '21.814728'),
(95205, '63.145291', '21.814728'),
(95206, '63.146091', '21.814728'),
(95207, '63.146891', '21.814728'),
(95208, '63.147691', '21.814728'),
(95209, '63.148491', '21.814728'),
(95210, '63.149291', '21.814728'),
(95211, '63.150091', '21.814728'),
(95212, '63.150891', '21.814728'),
(95213, '63.151691', '21.814728'),
(95214, '63.152490', '21.814728'),
(95215, '63.153290', '21.814728'),
(95216, '63.154090', '21.814728'),
(95217, '63.154890', '21.814728'),
(95218, '63.155690', '21.814728'),
(95219, '63.156489', '21.814728'),
(95220, '63.157289', '21.814728'),
(95221, '63.158089', '21.814728'),
(95222, '63.158888', '21.814728'),
(95223, '63.159688', '21.814728'),
(95224, '63.160488', '21.814728'),
(95225, '63.161287', '21.814728'),
(95226, '63.162087', '21.814728'),
(95227, '63.162876', '21.815012'),
(95228, '63.163664', '21.815303'),
(95229, '63.164453', '21.815594'),
(95230, '63.165242', '21.815885'),
(95231, '63.166030', '21.816176'),
(95232, '63.166819', '21.816468'),
(95233, '63.167607', '21.816759'),
(95234, '63.168396', '21.817050'),
(95235, '63.169184', '21.817341'),
(95236, '63.169942', '21.817089'),
(95237, '63.170675', '21.816380'),
(95238, '63.171407', '21.815670'),
(95239, '63.172139', '21.814960'),
(95240, '63.172871', '21.814250'),
(95241, '63.173604', '21.813540'),
(95242, '63.174336', '21.812830'),
(95243, '63.175068', '21.812120'),
(95244, '63.175800', '21.811411'),
(95245, '63.176532', '21.810701'),
(95246, '63.177265', '21.809991'),
(95247, '63.177997', '21.809281'),
(95248, '63.178729', '21.808571'),
(95250, '63.104614', '21.620326');

-- --------------------------------------------------------

--
-- Table structure for table `users`
--

CREATE TABLE `users` (
  `id` int(4) NOT NULL,
  `positions_id` int(4) DEFAULT NULL,
  `initials` varchar(2) DEFAULT NULL,
  `color` varchar(7) DEFAULT NULL,
  `groups_groupcode` varchar(10) DEFAULT NULL
) ENGINE=InnoDB DEFAULT CHARSET=utf8mb4;

--
-- Dumping data for table `users`
--

INSERT INTO `users` (`id`, `positions_id`, `initials`, `color`, `groups_groupcode`) VALUES
(5421, 1, 'EE', '#FF00FF', '08A'),
(5422, 2, 'FF', '#FFBBAA', '08A'),
(5423, 3, 'GG', '#00FF00', '08A'),
(5626, 95250, 'MK', '#5BC0EB', '08A');

-- --------------------------------------------------------

--
-- Table structure for table `waypoints`
--

CREATE TABLE `waypoints` (
  `id` int(4) NOT NULL,
  `goals_id` int(4) DEFAULT NULL,
  `positions_id` int(4) DEFAULT NULL
) ENGINE=InnoDB DEFAULT CHARSET=utf8mb4;

--
-- Dumping data for table `waypoints`
--

INSERT INTO `waypoints` (`id`, `goals_id`, `positions_id`) VALUES
(88372, 1811, 94156),
(88373, 1811, 94157),
(88374, 1811, 94158),
(88375, 1811, 94159),
(88376, 1811, 94160),
(88377, 1811, 94161),
(88378, 1811, 94162),
(88379, 1811, 94163),
(88380, 1811, 94164),
(88381, 1811, 94165),
(88382, 1811, 94166),
(88383, 1811, 94167),
(88384, 1811, 94168),
(88385, 1811, 94169),
(88386, 1811, 94170),
(88387, 1811, 94171),
(88388, 1811, 94172),
(88389, 1811, 94173),
(88390, 1811, 94174),
(88391, 1811, 94175),
(88392, 1811, 94176),
(88393, 1811, 94177),
(88394, 1811, 94178),
(88395, 1811, 94179),
(88396, 1811, 94180),
(88397, 1811, 94181),
(88398, 1811, 94182),
(88399, 1811, 94183),
(88400, 1811, 94184),
(88401, 1811, 94185),
(88402, 1811, 94186),
(88403, 1811, 94187),
(88404, 1811, 94188),
(88405, 1811, 94189),
(88406, 1811, 94190),
(88407, 1811, 94191),
(88408, 1811, 94192),
(88409, 1811, 94193),
(88410, 1811, 94194),
(88411, 1811, 94195),
(88412, 1811, 94196),
(88413, 1811, 94197),
(88414, 1811, 94198),
(88415, 1811, 94199),
(88416, 1811, 94200),
(88417, 1811, 94201),
(88418, 1811, 94202),
(88419, 1811, 94203),
(88420, 1811, 94204),
(88421, 1811, 94205),
(88422, 1811, 94206),
(88423, 1811, 94207),
(88424, 1811, 94208),
(88425, 1811, 94209),
(88426, 1811, 94210),
(88427, 1811, 94211),
(88428, 1811, 94212),
(88429, 1811, 94213),
(88430, 1811, 94214),
(88431, 1811, 94215),
(88432, 1811, 94216),
(88433, 1811, 94217),
(88434, 1811, 94218),
(88435, 1811, 94219),
(88436, 1811, 94220),
(88437, 1811, 94221),
(88438, 1811, 94222),
(88439, 1811, 94223),
(88440, 1811, 94224),
(88441, 1811, 94225),
(88442, 1811, 94226),
(88443, 1811, 94227),
(88444, 1811, 94228),
(88445, 1811, 94229),
(88446, 1811, 94230),
(88447, 1812, 94233),
(88448, 1812, 94234),
(88449, 1812, 94235),
(88450, 1812, 94236),
(88451, 1812, 94237),
(88452, 1812, 94238),
(88453, 1812, 94239),
(88454, 1812, 94240),
(88455, 1812, 94241),
(88456, 1812, 94242),
(88457, 1812, 94243),
(88458, 1812, 94244),
(88459, 1812, 94245),
(88460, 1812, 94246),
(88461, 1812, 94247),
(88462, 1812, 94248),
(88463, 1812, 94249),
(88464, 1812, 94250),
(88465, 1812, 94251),
(88466, 1812, 94252),
(88467, 1812, 94253),
(88468, 1812, 94254),
(88469, 1812, 94255),
(88470, 1812, 94256),
(88471, 1812, 94257),
(88472, 1812, 94258),
(88473, 1812, 94259),
(88474, 1812, 94260),
(88475, 1812, 94261),
(88476, 1812, 94262),
(88477, 1812, 94263),
(88478, 1812, 94264),
(88479, 1812, 94265),
(88480, 1812, 94266),
(88481, 1812, 94267),
(88482, 1812, 94268),
(88483, 1812, 94269),
(88484, 1812, 94270),
(88485, 1812, 94271),
(88486, 1812, 94272),
(88487, 1812, 94273),
(88488, 1812, 94274),
(88489, 1812, 94275),
(88490, 1812, 94276),
(88491, 1812, 94277),
(88492, 1812, 94278),
(88493, 1812, 94279),
(88494, 1812, 94280),
(88495, 1812, 94281),
(88496, 1812, 94282),
(88497, 1812, 94283),
(88498, 1812, 94284),
(88499, 1812, 94285),
(88500, 1812, 94286),
(88501, 1812, 94287),
(88502, 1812, 94288),
(88503, 1812, 94289),
(88504, 1812, 94290),
(88505, 1812, 94291),
(88506, 1812, 94292),
(88507, 1812, 94293),
(88508, 1812, 94294),
(88509, 1812, 94295),
(88510, 1812, 94296),
(88511, 1812, 94297),
(88512, 1812, 94298),
(88513, 1812, 94299),
(88514, 1812, 94300),
(88515, 1812, 94301),
(88516, 1812, 94302),
(88517, 1812, 94303),
(88518, 1812, 94304),
(88519, 1812, 94305),
(88520, 1812, 94306),
(88521, 1812, 94307),
(88522, 1812, 94308),
(88523, 1812, 94309),
(88524, 1812, 94310),
(88525, 1812, 94311),
(88526, 1812, 94312),
(88527, 1812, 94313),
(88528, 1812, 94314),
(88529, 1812, 94315),
(88530, 1812, 94316),
(88531, 1812, 94317),
(88532, 1812, 94318),
(88533, 1812, 94319),
(88534, 1812, 94320),
(88535, 1812, 94321),
(88536, 1812, 94322),
(88537, 1812, 94323),
(88538, 1812, 94324),
(88539, 1812, 94325),
(88540, 1812, 94326),
(88541, 1812, 94327),
(88542, 1812, 94328),
(88543, 1812, 94329),
(88544, 1812, 94330),
(88545, 1812, 94331),
(88546, 1812, 94332),
(88547, 1813, 94335),
(88548, 1813, 94336),
(88549, 1813, 94337),
(88550, 1813, 94338),
(88551, 1813, 94339),
(88552, 1813, 94340),
(88553, 1813, 94341),
(88554, 1813, 94342),
(88555, 1813, 94343),
(88556, 1813, 94344),
(88557, 1813, 94345),
(88558, 1813, 94346),
(88559, 1813, 94347),
(88560, 1813, 94348),
(88561, 1813, 94349),
(88562, 1813, 94350),
(88563, 1813, 94351),
(88564, 1813, 94352),
(88565, 1813, 94353),
(88566, 1813, 94354),
(88567, 1813, 94355),
(88568, 1813, 94356),
(88569, 1813, 94357),
(88570, 1813, 94358),
(88571, 1813, 94359),
(88572, 1813, 94360),
(88573, 1813, 94361),
(88574, 1813, 94362),
(88575, 1813, 94363),
(88576, 1813, 94364),
(88577, 1813, 94365),
(88578, 1813, 94366),
(88579, 1813, 94367),
(88580, 1813, 94368),
(88581, 1813, 94369),
(88582, 1813, 94370),
(88583, 1813, 94371),
(88584, 1813, 94372),
(88585, 1813, 94373),
(88586, 1813, 94374),
(88587, 1813, 94375),
(88588, 1813, 94376),
(88589, 1813, 94377),
(88590, 1813, 94378),
(88591, 1813, 94379),
(88592, 1813, 94380),
(88593, 1813, 94381),
(88594, 1813, 94382),
(88595, 1813, 94383),
(88596, 1813, 94384),
(88597, 1813, 94385),
(88598, 1813, 94386),
(88599, 1813, 94387),
(88600, 1813, 94388),
(88601, 1813, 94389),
(88602, 1813, 94390),
(88603, 1813, 94391),
(88604, 1813, 94392),
(88605, 1813, 94393),
(88606, 1813, 94394),
(88607, 1813, 94395),
(88608, 1813, 94396),
(88609, 1813, 94397),
(88610, 1813, 94398),
(88611, 1813, 94399),
(88612, 1813, 94400),
(88613, 1813, 94401),
(88614, 1813, 94402),
(88615, 1813, 94403),
(88616, 1813, 94404),
(88617, 1813, 94405),
(88618, 1813, 94406),
(88619, 1813, 94407),
(88620, 1813, 94408),
(88621, 1813, 94409),
(88622, 1813, 94410),
(88623, 1813, 94411),
(88624, 1813, 94412),
(88625, 1813, 94413),
(88626, 1813, 94414),
(88627, 1813, 94415),
(88628, 1813, 94416),
(88629, 1813, 94417),
(88630, 1813, 94418),
(88631, 1813, 94419),
(88632, 1813, 94420),
(88633, 1813, 94421),
(88634, 1813, 94422),
(88635, 1813, 94423),
(88636, 1813, 94424),
(88637, 1813, 94425),
(88638, 1813, 94426),
(88639, 1813, 94427),
(88640, 1813, 94428),
(88641, 1813, 94429),
(88642, 1813, 94430),
(88643, 1813, 94431),
(88644, 1813, 94432),
(88645, 1813, 94433),
(88646, 1813, 94434),
(88647, 1814, 94437),
(88648, 1814, 94438),
(88649, 1814, 94439),
(88650, 1814, 94440),
(88651, 1814, 94441),
(88652, 1814, 94442),
(88653, 1814, 94443),
(88654, 1814, 94444),
(88655, 1814, 94445),
(88656, 1814, 94446),
(88657, 1814, 94447),
(88658, 1814, 94448),
(88659, 1814, 94449),
(88660, 1814, 94450),
(88661, 1814, 94451),
(88662, 1814, 94452),
(88663, 1814, 94453),
(88664, 1814, 94454),
(88665, 1814, 94455),
(88666, 1814, 94456),
(88667, 1814, 94457),
(88668, 1814, 94458),
(88669, 1814, 94459),
(88670, 1814, 94460),
(88671, 1814, 94461),
(88672, 1814, 94462),
(88673, 1814, 94463),
(88674, 1814, 94464),
(88675, 1814, 94465),
(88676, 1814, 94466),
(88677, 1814, 94467),
(88678, 1814, 94468),
(88679, 1814, 94469),
(88680, 1814, 94470),
(88681, 1814, 94471),
(88682, 1814, 94472),
(88683, 1814, 94473),
(88684, 1814, 94474),
(88685, 1814, 94475),
(88686, 1814, 94476),
(88687, 1814, 94477),
(88688, 1814, 94478),
(88689, 1814, 94479),
(88690, 1814, 94480),
(88691, 1814, 94481),
(88692, 1814, 94482),
(88693, 1814, 94483),
(88694, 1814, 94484),
(88695, 1814, 94485),
(88696, 1814, 94486),
(88697, 1814, 94487),
(88698, 1814, 94488),
(88699, 1814, 94489),
(88700, 1814, 94490),
(88701, 1814, 94491),
(88702, 1814, 94492),
(88703, 1814, 94493),
(88704, 1814, 94494),
(88705, 1814, 94495),
(88706, 1814, 94496),
(88707, 1814, 94497),
(88708, 1814, 94498),
(88709, 1814, 94499),
(88710, 1814, 94500),
(88711, 1814, 94501),
(88712, 1814, 94502),
(88713, 1814, 94503),
(88714, 1814, 94504),
(88715, 1814, 94505),
(88716, 1814, 94506),
(88717, 1814, 94507),
(88718, 1814, 94508),
(88719, 1814, 94509),
(88720, 1814, 94510),
(88721, 1814, 94511),
(88722, 1814, 94512),
(88723, 1814, 94513),
(88724, 1814, 94514),
(88725, 1814, 94515),
(88726, 1814, 94516),
(88727, 1814, 94517),
(88728, 1814, 94518),
(88729, 1814, 94519),
(88730, 1814, 94520),
(88731, 1814, 94521),
(88732, 1814, 94522),
(88733, 1814, 94523),
(88734, 1814, 94524),
(88735, 1814, 94525),
(88736, 1814, 94526),
(88737, 1814, 94527),
(88738, 1814, 94528),
(88739, 1814, 94529),
(88740, 1814, 94530),
(88741, 1814, 94531),
(88742, 1814, 94532),
(88743, 1814, 94533),
(88744, 1814, 94534),
(88745, 1814, 94535),
(88746, 1814, 94536),
(88747, 1815, 94843),
(88748, 1815, 94844),
(88749, 1815, 94845),
(88750, 1815, 94846),
(88751, 1815, 94847),
(88752, 1815, 94848),
(88753, 1815, 94849),
(88754, 1815, 94850),
(88755, 1815, 94851),
(88756, 1815, 94852),
(88757, 1815, 94853),
(88758, 1815, 94854),
(88759, 1815, 94855),
(88760, 1815, 94856),
(88761, 1815, 94857),
(88762, 1815, 94858),
(88763, 1815, 94859),
(88764, 1815, 94860),
(88765, 1815, 94861),
(88766, 1815, 94862),
(88767, 1815, 94863),
(88768, 1815, 94864),
(88769, 1815, 94865),
(88770, 1815, 94866),
(88771, 1815, 94867),
(88772, 1815, 94868),
(88773, 1815, 94869),
(88774, 1815, 94870),
(88775, 1815, 94871),
(88776, 1815, 94872),
(88777, 1815, 94873),
(88778, 1815, 94874),
(88779, 1815, 94875),
(88780, 1815, 94876),
(88781, 1815, 94877),
(88782, 1815, 94878),
(88783, 1815, 94879),
(88784, 1815, 94880),
(88785, 1815, 94881),
(88786, 1815, 94882),
(88787, 1815, 94883),
(88788, 1815, 94884),
(88789, 1815, 94885),
(88790, 1815, 94886),
(88791, 1815, 94887),
(88792, 1815, 94888),
(88793, 1815, 94889),
(88794, 1815, 94890),
(88795, 1815, 94891),
(88796, 1815, 94892),
(88797, 1815, 94893),
(88798, 1815, 94894),
(88799, 1815, 94895),
(88800, 1815, 94896),
(88801, 1815, 94897),
(88802, 1815, 94898),
(88803, 1815, 94899),
(88804, 1815, 94900),
(88805, 1815, 94901),
(88806, 1815, 94902),
(88807, 1815, 94903),
(88808, 1815, 94904),
(88809, 1815, 94905),
(88810, 1815, 94906),
(88811, 1815, 94907),
(88812, 1815, 94908),
(88813, 1815, 94909),
(88814, 1815, 94910),
(88815, 1815, 94911),
(88816, 1815, 94912),
(88817, 1815, 94913),
(88818, 1815, 94914),
(88819, 1815, 94915),
(88820, 1815, 94916),
(88821, 1815, 94917),
(88822, 1815, 94918),
(88823, 1815, 94919),
(88824, 1815, 94920),
(88825, 1815, 94921),
(88826, 1815, 94922),
(88827, 1815, 94923),
(88828, 1815, 94924),
(88829, 1815, 94925),
(88830, 1815, 94926),
(88831, 1815, 94927),
(88832, 1815, 94928),
(88833, 1815, 94929),
(88834, 1815, 94930),
(88835, 1815, 94931),
(88836, 1815, 94932),
(88837, 1815, 94933),
(88838, 1815, 94934),
(88839, 1815, 94935),
(88840, 1815, 94936),
(88841, 1815, 94937),
(88842, 1815, 94938),
(88843, 1815, 94939),
(88844, 1815, 94940),
(88845, 1815, 94941),
(88846, 1815, 94942),
(88847, 1816, 94945),
(88848, 1816, 94946),
(88849, 1816, 94947),
(88850, 1816, 94948),
(88851, 1816, 94949),
(88852, 1816, 94950),
(88853, 1816, 94951),
(88854, 1816, 94952),
(88855, 1816, 94953),
(88856, 1816, 94954),
(88857, 1816, 94955),
(88858, 1816, 94956),
(88859, 1816, 94957),
(88860, 1816, 94958),
(88861, 1816, 94959),
(88862, 1816, 94960),
(88863, 1816, 94961),
(88864, 1816, 94962),
(88865, 1816, 94963),
(88866, 1816, 94964),
(88867, 1816, 94965),
(88868, 1816, 94966),
(88869, 1816, 94967),
(88870, 1816, 94968),
(88871, 1816, 94969),
(88872, 1816, 94970),
(88873, 1816, 94971),
(88874, 1816, 94972),
(88875, 1816, 94973),
(88876, 1816, 94974),
(88877, 1816, 94975),
(88878, 1816, 94976),
(88879, 1816, 94977),
(88880, 1816, 94978),
(88881, 1816, 94979),
(88882, 1816, 94980),
(88883, 1816, 94981),
(88884, 1816, 94982),
(88885, 1816, 94983),
(88886, 1816, 94984),
(88887, 1816, 94985),
(88888, 1816, 94986),
(88889, 1816, 94987),
(88890, 1816, 94988),
(88891, 1816, 94989),
(88892, 1816, 94990),
(88893, 1816, 94991),
(88894, 1816, 94992),
(88895, 1816, 94993),
(88896, 1816, 94994),
(88897, 1816, 94995),
(88898, 1816, 94996),
(88899, 1816, 94997),
(88900, 1816, 94998),
(88901, 1816, 94999),
(88902, 1816, 95000),
(88903, 1816, 95001),
(88904, 1816, 95002),
(88905, 1816, 95003),
(88906, 1816, 95004),
(88907, 1816, 95005),
(88908, 1816, 95006),
(88909, 1816, 95007),
(88910, 1816, 95008),
(88911, 1816, 95009),
(88912, 1816, 95010),
(88913, 1816, 95011),
(88914, 1816, 95012),
(88915, 1816, 95013),
(88916, 1816, 95014),
(88917, 1816, 95015),
(88918, 1816, 95016),
(88919, 1816, 95017),
(88920, 1816, 95018),
(88921, 1816, 95019),
(88922, 1816, 95020),
(88923, 1816, 95021),
(88924, 1816, 95022),
(88925, 1816, 95023),
(88926, 1816, 95024),
(88927, 1816, 95025),
(88928, 1816, 95026),
(88929, 1816, 95027),
(88930, 1816, 95028),
(88931, 1816, 95029),
(88932, 1816, 95030),
(88933, 1816, 95031),
(88934, 1816, 95032),
(88935, 1816, 95033),
(88936, 1816, 95034),
(88937, 1816, 95035),
(88938, 1816, 95036),
(88939, 1816, 95037),
(88940, 1816, 95038),
(88941, 1816, 95039),
(88942, 1816, 95040),
(88943, 1816, 95041),
(88944, 1816, 95042),
(88945, 1816, 95043),
(88946, 1816, 95044),
(88947, 1817, 95047),
(88948, 1817, 95048),
(88949, 1817, 95049),
(88950, 1817, 95050),
(88951, 1817, 95051),
(88952, 1817, 95052),
(88953, 1817, 95053),
(88954, 1817, 95054),
(88955, 1817, 95055),
(88956, 1817, 95056),
(88957, 1817, 95057),
(88958, 1817, 95058),
(88959, 1817, 95059),
(88960, 1817, 95060),
(88961, 1817, 95061),
(88962, 1817, 95062),
(88963, 1817, 95063),
(88964, 1817, 95064),
(88965, 1817, 95065),
(88966, 1817, 95066),
(88967, 1817, 95067),
(88968, 1817, 95068),
(88969, 1817, 95069),
(88970, 1817, 95070),
(88971, 1817, 95071),
(88972, 1817, 95072),
(88973, 1817, 95073),
(88974, 1817, 95074),
(88975, 1817, 95075),
(88976, 1817, 95076),
(88977, 1817, 95077),
(88978, 1817, 95078),
(88979, 1817, 95079),
(88980, 1817, 95080),
(88981, 1817, 95081),
(88982, 1817, 95082),
(88983, 1817, 95083),
(88984, 1817, 95084),
(88985, 1817, 95085),
(88986, 1817, 95086),
(88987, 1817, 95087),
(88988, 1817, 95088),
(88989, 1817, 95089),
(88990, 1817, 95090),
(88991, 1817, 95091),
(88992, 1817, 95092),
(88993, 1817, 95093),
(88994, 1817, 95094),
(88995, 1817, 95095),
(88996, 1817, 95096),
(88997, 1817, 95097),
(88998, 1817, 95098),
(88999, 1817, 95099),
(89000, 1817, 95100),
(89001, 1817, 95101),
(89002, 1817, 95102),
(89003, 1817, 95103),
(89004, 1817, 95104),
(89005, 1817, 95105),
(89006, 1817, 95106),
(89007, 1817, 95107),
(89008, 1817, 95108),
(89009, 1817, 95109),
(89010, 1817, 95110),
(89011, 1817, 95111),
(89012, 1817, 95112),
(89013, 1817, 95113),
(89014, 1817, 95114),
(89015, 1817, 95115),
(89016, 1817, 95116),
(89017, 1817, 95117),
(89018, 1817, 95118),
(89019, 1817, 95119),
(89020, 1817, 95120),
(89021, 1817, 95121),
(89022, 1817, 95122),
(89023, 1817, 95123),
(89024, 1817, 95124),
(89025, 1817, 95125),
(89026, 1817, 95126),
(89027, 1817, 95127),
(89028, 1817, 95128),
(89029, 1817, 95129),
(89030, 1817, 95130),
(89031, 1817, 95131),
(89032, 1817, 95132),
(89033, 1817, 95133),
(89034, 1817, 95134),
(89035, 1817, 95135),
(89036, 1817, 95136),
(89037, 1817, 95137),
(89038, 1817, 95138),
(89039, 1817, 95139),
(89040, 1817, 95140),
(89041, 1817, 95141),
(89042, 1817, 95142),
(89043, 1817, 95143),
(89044, 1817, 95144),
(89045, 1817, 95145),
(89046, 1817, 95146),
(89047, 1818, 95149),
(89048, 1818, 95150),
(89049, 1818, 95151),
(89050, 1818, 95152),
(89051, 1818, 95153),
(89052, 1818, 95154),
(89053, 1818, 95155),
(89054, 1818, 95156),
(89055, 1818, 95157),
(89056, 1818, 95158),
(89057, 1818, 95159),
(89058, 1818, 95160),
(89059, 1818, 95161),
(89060, 1818, 95162),
(89061, 1818, 95163),
(89062, 1818, 95164),
(89063, 1818, 95165),
(89064, 1818, 95166),
(89065, 1818, 95167),
(89066, 1818, 95168),
(89067, 1818, 95169),
(89068, 1818, 95170),
(89069, 1818, 95171),
(89070, 1818, 95172),
(89071, 1818, 95173),
(89072, 1818, 95174),
(89073, 1818, 95175),
(89074, 1818, 95176),
(89075, 1818, 95177),
(89076, 1818, 95178),
(89077, 1818, 95179),
(89078, 1818, 95180),
(89079, 1818, 95181),
(89080, 1818, 95182),
(89081, 1818, 95183),
(89082, 1818, 95184),
(89083, 1818, 95185),
(89084, 1818, 95186),
(89085, 1818, 95187),
(89086, 1818, 95188),
(89087, 1818, 95189),
(89088, 1818, 95190),
(89089, 1818, 95191),
(89090, 1818, 95192),
(89091, 1818, 95193),
(89092, 1818, 95194),
(89093, 1818, 95195),
(89094, 1818, 95196),
(89095, 1818, 95197),
(89096, 1818, 95198),
(89097, 1818, 95199),
(89098, 1818, 95200),
(89099, 1818, 95201),
(89100, 1818, 95202),
(89101, 1818, 95203),
(89102, 1818, 95204),
(89103, 1818, 95205),
(89104, 1818, 95206),
(89105, 1818, 95207),
(89106, 1818, 95208),
(89107, 1818, 95209),
(89108, 1818, 95210),
(89109, 1818, 95211),
(89110, 1818, 95212),
(89111, 1818, 95213),
(89112, 1818, 95214),
(89113, 1818, 95215),
(89114, 1818, 95216),
(89115, 1818, 95217),
(89116, 1818, 95218),
(89117, 1818, 95219),
(89118, 1818, 95220),
(89119, 1818, 95221),
(89120, 1818, 95222),
(89121, 1818, 95223),
(89122, 1818, 95224),
(89123, 1818, 95225),
(89124, 1818, 95226),
(89125, 1818, 95227),
(89126, 1818, 95228),
(89127, 1818, 95229),
(89128, 1818, 95230),
(89129, 1818, 95231),
(89130, 1818, 95232),
(89131, 1818, 95233),
(89132, 1818, 95234),
(89133, 1818, 95235),
(89134, 1818, 95236),
(89135, 1818, 95237),
(89136, 1818, 95238),
(89137, 1818, 95239),
(89138, 1818, 95240),
(89139, 1818, 95241),
(89140, 1818, 95242),
(89141, 1818, 95243),
(89142, 1818, 95244),
(89143, 1818, 95245),
(89144, 1818, 95246),
(89145, 1818, 95247),
(89146, 1818, 95248);

--
-- Indexes for dumped tables
--

--
-- Indexes for table `goals`
--
ALTER TABLE `goals`
  ADD PRIMARY KEY (`id`);

--
-- Indexes for table `groups`
--
ALTER TABLE `groups`
  ADD PRIMARY KEY (`id`);

--
-- Indexes for table `messages`
--
ALTER TABLE `messages`
  ADD PRIMARY KEY (`id`);

--
-- Indexes for table `positions`
--
ALTER TABLE `positions`
  ADD PRIMARY KEY (`id`);

--
-- Indexes for table `users`
--
ALTER TABLE `users`
  ADD PRIMARY KEY (`id`);

--
-- Indexes for table `waypoints`
--
ALTER TABLE `waypoints`
  ADD PRIMARY KEY (`id`);

--
-- AUTO_INCREMENT for dumped tables
--

--
-- AUTO_INCREMENT for table `goals`
--
ALTER TABLE `goals`
  MODIFY `id` int(4) NOT NULL AUTO_INCREMENT, AUTO_INCREMENT=1819;

--
-- AUTO_INCREMENT for table `groups`
--
ALTER TABLE `groups`
  MODIFY `id` int(4) NOT NULL AUTO_INCREMENT, AUTO_INCREMENT=48;

--
-- AUTO_INCREMENT for table `messages`
--
ALTER TABLE `messages`
  MODIFY `id` int(4) NOT NULL AUTO_INCREMENT, AUTO_INCREMENT=97;

--
-- AUTO_INCREMENT for table `positions`
--
ALTER TABLE `positions`
  MODIFY `id` int(4) NOT NULL AUTO_INCREMENT, AUTO_INCREMENT=95251;

--
-- AUTO_INCREMENT for table `users`
--
ALTER TABLE `users`
  MODIFY `id` int(4) NOT NULL AUTO_INCREMENT, AUTO_INCREMENT=5627;

--
-- AUTO_INCREMENT for table `waypoints`
--
ALTER TABLE `waypoints`
  MODIFY `id` int(4) NOT NULL AUTO_INCREMENT, AUTO_INCREMENT=89147;
COMMIT;

/*!40101 SET CHARACTER_SET_CLIENT=@OLD_CHARACTER_SET_CLIENT */;
/*!40101 SET CHARACTER_SET_RESULTS=@OLD_CHARACTER_SET_RESULTS */;
/*!40101 SET COLLATION_CONNECTION=@OLD_COLLATION_CONNECTION */;
